Route,See Full Analysis,tag
Adirondack,,
Amtrak Cascades,,
Amtrak Hartford Line,,
Analysis of Humidity and Growth,,Excel Visuals
Auto Train,,
Berkshire Flyer,,
California Zephyr,,
Capitol Corridor,,
Capitol Limited,,
Cardinal,,
Ci,,
CO2 Emission Visualization,https://meryemciftcialy.github.io/analyst-journal/co2_emissions.html,Excel Visuals
Coming Soon,,
Coming Soon,,
Coming Soon,,
Coming Soon,,
Coming Soon,,
Coming Soon,,
Coming Soon,,
Coming Soon,,
Coming Soon,,
Coming Soon,,
Coming Soon,,
Coming Soon,,
Coming Soon,,
Coming Soon,,
Coming Soon,,
Coming Soon,,
Coming Soon,,
Coming Soon,,
Coming Soon,,
Coming Soon,,
Coming Soon,,
Coming Soon,,
Coming Soon,,
Coming Soon,,
,,Excel Visuals